-- ============================================================================
-- Heratio standalone install — seed data
-- ============================================================================
-- Generated 2026-04-30 from /usr/share/nginx/archive/data/fixtures/acl.yml by database/tools/atom-fixture-to-sql.php
-- Phase 2 of the standalone install plan (docs/standalone-install-plan.md).
--
-- Idempotent: every row is INSERT IGNORE. Re-runnable without side-effects.
-- ============================================================================

SET FOREIGN_KEY_CHECKS = 0;

-- =========================================================
-- QubitAclGroup -> acl_group
-- =========================================================
INSERT IGNORE INTO `acl_group` (`id`) VALUES (1);
INSERT IGNORE INTO `acl_group` (`id`, `parent_id`) VALUES (98, 1);
INSERT IGNORE INTO `acl_group_i18n` (`name`, `id`, `culture`) VALUES ('مجهول', 98, 'ar');
INSERT IGNORE INTO `acl_group_i18n` (`name`, `id`, `culture`) VALUES ('anonimno', 98, 'bs');
INSERT IGNORE INTO `acl_group_i18n` (`name`, `id`, `culture`) VALUES ('anònim', 98, 'ca');
INSERT IGNORE INTO `acl_group_i18n` (`name`, `id`, `culture`) VALUES ('anònim', 98, 'ca@valencia');
INSERT IGNORE INTO `acl_group_i18n` (`name`, `id`, `culture`) VALUES ('anhysbys', 98, 'cy');
INSERT IGNORE INTO `acl_group_i18n` (`name`, `id`, `culture`) VALUES ('anonym', 98, 'de');
INSERT IGNORE INTO `acl_group_i18n` (`name`, `id`, `culture`) VALUES ('anonym', 98, 'de-CH');
INSERT IGNORE INTO `acl_group_i18n` (`name`, `id`, `culture`) VALUES ('ανώνυμος', 98, 'el');
INSERT IGNORE INTO `acl_group_i18n` (`name`, `id`, `culture`) VALUES ('anonymous', 98, 'en');
INSERT IGNORE INTO `acl_group_i18n` (`name`, `id`, `culture`) VALUES ('anónimo', 98, 'es');
INSERT IGNORE INTO `acl_group_i18n` (`name`, `id`, `culture`) VALUES ('anonimoa', 98, 'eu');
INSERT IGNORE INTO `acl_group_i18n` (`name`, `id`, `culture`) VALUES ('anonyme', 98, 'fr');
INSERT IGNORE INTO `acl_group_i18n` (`name`, `id`, `culture`) VALUES ('anónimo', 98, 'gl');
INSERT IGNORE INTO `acl_group_i18n` (`name`, `id`, `culture`) VALUES ('anonimno', 98, 'hr');
INSERT IGNORE INTO `acl_group_i18n` (`name`, `id`, `culture`) VALUES ('anonim', 98, 'hu');
INSERT IGNORE INTO `acl_group_i18n` (`name`, `id`, `culture`) VALUES ('anonim', 98, 'id');
INSERT IGNORE INTO `acl_group_i18n` (`name`, `id`, `culture`) VALUES ('nafnlaus', 98, 'is');
INSERT IGNORE INTO `acl_group_i18n` (`name`, `id`, `culture`) VALUES ('anonimo', 98, 'it');
INSERT IGNORE INTO `acl_group_i18n` (`name`, `id`, `culture`) VALUES ('匿名', 98, 'ja');
INSERT IGNORE INTO `acl_group_i18n` (`name`, `id`, `culture`) VALUES ('ანონიმი', 98, 'ka');
INSERT IGNORE INTO `acl_group_i18n` (`name`, `id`, `culture`) VALUES ('익명', 98, 'ko');
INSERT IGNORE INTO `acl_group_i18n` (`name`, `id`, `culture`) VALUES ('анонимно', 98, 'mk');
INSERT IGNORE INTO `acl_group_i18n` (`name`, `id`, `culture`) VALUES ('anonimowy', 98, 'pl');
INSERT IGNORE INTO `acl_group_i18n` (`name`, `id`, `culture`) VALUES ('anónimo', 98, 'pt');
INSERT IGNORE INTO `acl_group_i18n` (`name`, `id`, `culture`) VALUES ('anônimo', 98, 'pt_BR');
INSERT IGNORE INTO `acl_group_i18n` (`name`, `id`, `culture`) VALUES ('anonimno', 98, 'sl');
INSERT IGNORE INTO `acl_group_i18n` (`name`, `id`, `culture`) VALUES ('анониман', 98, 'sr');
INSERT IGNORE INTO `acl_group_i18n` (`name`, `id`, `culture`) VALUES ('anonym', 98, 'sv');
INSERT IGNORE INTO `acl_group_i18n` (`name`, `id`, `culture`) VALUES ('นิรนาม', 98, 'th');
INSERT IGNORE INTO `acl_group_i18n` (`name`, `id`, `culture`) VALUES ('anonim', 98, 'uz');
INSERT IGNORE INTO `acl_group_i18n` (`name`, `id`, `culture`) VALUES ('Vô danh', 98, 'vi');
INSERT IGNORE INTO `acl_group_i18n` (`name`, `id`, `culture`) VALUES ('匿名的', 98, 'zh');
INSERT IGNORE INTO `acl_group` (`id`, `parent_id`) VALUES (99, 1);
INSERT IGNORE INTO `acl_group_i18n` (`name`, `id`, `culture`) VALUES ('موثّق', 99, 'ar');
INSERT IGNORE INTO `acl_group_i18n` (`name`, `id`, `culture`) VALUES ('autentificirano', 99, 'bs');
INSERT IGNORE INTO `acl_group_i18n` (`name`, `id`, `culture`) VALUES ('autenticat', 99, 'ca');
INSERT IGNORE INTO `acl_group_i18n` (`name`, `id`, `culture`) VALUES ('autenticat', 99, 'ca@valencia');
INSERT IGNORE INTO `acl_group_i18n` (`name`, `id`, `culture`) VALUES ('dilysedig', 99, 'cy');
INSERT IGNORE INTO `acl_group_i18n` (`name`, `id`, `culture`) VALUES ('authentifiziert', 99, 'de');
INSERT IGNORE INTO `acl_group_i18n` (`name`, `id`, `culture`) VALUES ('authentifiziert', 99, 'de-CH');
INSERT IGNORE INTO `acl_group_i18n` (`name`, `id`, `culture`) VALUES ('επικυρωμένα', 99, 'el');
INSERT IGNORE INTO `acl_group_i18n` (`name`, `id`, `culture`) VALUES ('authenticated', 99, 'en');
INSERT IGNORE INTO `acl_group_i18n` (`name`, `id`, `culture`) VALUES ('autenticado', 99, 'es');
INSERT IGNORE INTO `acl_group_i18n` (`name`, `id`, `culture`) VALUES ('autentifikatua', 99, 'eu');
INSERT IGNORE INTO `acl_group_i18n` (`name`, `id`, `culture`) VALUES ('authentifié', 99, 'fr');
INSERT IGNORE INTO `acl_group_i18n` (`name`, `id`, `culture`) VALUES ('autentificado', 99, 'gl');
INSERT IGNORE INTO `acl_group_i18n` (`name`, `id`, `culture`) VALUES ('autentificirano', 99, 'hr');
INSERT IGNORE INTO `acl_group_i18n` (`name`, `id`, `culture`) VALUES ('bejelentkezett', 99, 'hu');
INSERT IGNORE INTO `acl_group_i18n` (`name`, `id`, `culture`) VALUES ('diotentikasi', 99, 'id');
INSERT IGNORE INTO `acl_group_i18n` (`name`, `id`, `culture`) VALUES ('staðfest', 99, 'is');
INSERT IGNORE INTO `acl_group_i18n` (`name`, `id`, `culture`) VALUES ('autenticato', 99, 'it');
INSERT IGNORE INTO `acl_group_i18n` (`name`, `id`, `culture`) VALUES ('認証された', 99, 'ja');
INSERT IGNORE INTO `acl_group_i18n` (`name`, `id`, `culture`) VALUES ('აუთენტური', 99, 'ka');
INSERT IGNORE INTO `acl_group_i18n` (`name`, `id`, `culture`) VALUES ('진본으로 인정됨', 99, 'ko');
INSERT IGNORE INTO `acl_group_i18n` (`name`, `id`, `culture`) VALUES ('автентицирано/потврдено', 99, 'mk');
INSERT IGNORE INTO `acl_group_i18n` (`name`, `id`, `culture`) VALUES ('zweryfikowany', 99, 'pl');
INSERT IGNORE INTO `acl_group_i18n` (`name`, `id`, `culture`) VALUES ('autenticado', 99, 'pt');
INSERT IGNORE INTO `acl_group_i18n` (`name`, `id`, `culture`) VALUES ('autenticado', 99, 'pt_BR');
INSERT IGNORE INTO `acl_group_i18n` (`name`, `id`, `culture`) VALUES ('overjeno', 99, 'sl');
INSERT IGNORE INTO `acl_group_i18n` (`name`, `id`, `culture`) VALUES ('потврђено', 99, 'sr');
INSERT IGNORE INTO `acl_group_i18n` (`name`, `id`, `culture`) VALUES ('autenciterad', 99, 'sv');
INSERT IGNORE INTO `acl_group_i18n` (`name`, `id`, `culture`) VALUES ('ro`yxatdan o`tgan', 99, 'uz');
INSERT IGNORE INTO `acl_group_i18n` (`name`, `id`, `culture`) VALUES ('Chứng thực', 99, 'vi');
INSERT IGNORE INTO `acl_group_i18n` (`name`, `id`, `culture`) VALUES ('已验证的', 99, 'zh');
INSERT IGNORE INTO `acl_group` (`id`, `parent_id`) VALUES (100, 99);
INSERT IGNORE INTO `acl_group_i18n` (`name`, `id`, `culture`) VALUES ('مسؤول', 100, 'ar');
INSERT IGNORE INTO `acl_group_i18n` (`name`, `id`, `culture`) VALUES ('administrator', 100, 'bs');
INSERT IGNORE INTO `acl_group_i18n` (`name`, `id`, `culture`) VALUES ('administrador', 100, 'ca');
INSERT IGNORE INTO `acl_group_i18n` (`name`, `id`, `culture`) VALUES ('administrador', 100, 'ca@valencia');
INSERT IGNORE INTO `acl_group_i18n` (`name`, `id`, `culture`) VALUES ('gweinyddwr', 100, 'cy');
INSERT IGNORE INTO `acl_group_i18n` (`name`, `id`, `culture`) VALUES ('Administrator', 100, 'de');
INSERT IGNORE INTO `acl_group_i18n` (`name`, `id`, `culture`) VALUES ('Administrator', 100, 'de-CH');
INSERT IGNORE INTO `acl_group_i18n` (`name`, `id`, `culture`) VALUES ('διαχειριστής', 100, 'el');
INSERT IGNORE INTO `acl_group_i18n` (`name`, `id`, `culture`) VALUES ('administrator', 100, 'en');
INSERT IGNORE INTO `acl_group_i18n` (`name`, `id`, `culture`) VALUES ('administrador', 100, 'es');
INSERT IGNORE INTO `acl_group_i18n` (`name`, `id`, `culture`) VALUES ('administratzailea', 100, 'eu');
INSERT IGNORE INTO `acl_group_i18n` (`name`, `id`, `culture`) VALUES ('administrateur', 100, 'fr');
INSERT IGNORE INTO `acl_group_i18n` (`name`, `id`, `culture`) VALUES ('administrador', 100, 'gl');
INSERT IGNORE INTO `acl_group_i18n` (`name`, `id`, `culture`) VALUES ('administrator', 100, 'hr');
INSERT IGNORE INTO `acl_group_i18n` (`name`, `id`, `culture`) VALUES ('adminisztrátor', 100, 'hu');
INSERT IGNORE INTO `acl_group_i18n` (`name`, `id`, `culture`) VALUES ('administrator', 100, 'id');
INSERT IGNORE INTO `acl_group_i18n` (`name`, `id`, `culture`) VALUES ('stjórnandi', 100, 'is');
INSERT IGNORE INTO `acl_group_i18n` (`name`, `id`, `culture`) VALUES ('Amministratore', 100, 'it');
INSERT IGNORE INTO `acl_group_i18n` (`name`, `id`, `culture`) VALUES ('管理者', 100, 'ja');
INSERT IGNORE INTO `acl_group_i18n` (`name`, `id`, `culture`) VALUES ('ადმინისტრატორი', 100, 'ka');
INSERT IGNORE INTO `acl_group_i18n` (`name`, `id`, `culture`) VALUES ('관리자', 100, 'ko');
INSERT IGNORE INTO `acl_group_i18n` (`name`, `id`, `culture`) VALUES ('администратор', 100, 'mk');
INSERT IGNORE INTO `acl_group_i18n` (`name`, `id`, `culture`) VALUES ('administrator', 100, 'pl');
INSERT IGNORE INTO `acl_group_i18n` (`name`, `id`, `culture`) VALUES ('administrador', 100, 'pt');
INSERT IGNORE INTO `acl_group_i18n` (`name`, `id`, `culture`) VALUES ('administrador', 100, 'pt_BR');
INSERT IGNORE INTO `acl_group_i18n` (`name`, `id`, `culture`) VALUES ('администратор', 100, 'ru');
INSERT IGNORE INTO `acl_group_i18n` (`name`, `id`, `culture`) VALUES ('skrbnik', 100, 'sl');
INSERT IGNORE INTO `acl_group_i18n` (`name`, `id`, `culture`) VALUES ('администратор', 100, 'sr');
INSERT IGNORE INTO `acl_group_i18n` (`name`, `id`, `culture`) VALUES ('administratör', 100, 'sv');
INSERT IGNORE INTO `acl_group_i18n` (`name`, `id`, `culture`) VALUES ('administrator', 100, 'uz');
INSERT IGNORE INTO `acl_group_i18n` (`name`, `id`, `culture`) VALUES ('Quản trị', 100, 'vi');
INSERT IGNORE INTO `acl_group_i18n` (`name`, `id`, `culture`) VALUES ('管理者', 100, 'zh');
INSERT IGNORE INTO `acl_group` (`id`, `parent_id`) VALUES (101, 99);
INSERT IGNORE INTO `acl_group_i18n` (`name`, `id`, `culture`) VALUES ('مُحرِّر', 101, 'ar');
INSERT IGNORE INTO `acl_group_i18n` (`name`, `id`, `culture`) VALUES ('urednik', 101, 'bs');
INSERT IGNORE INTO `acl_group_i18n` (`name`, `id`, `culture`) VALUES ('editor', 101, 'ca');
INSERT IGNORE INTO `acl_group_i18n` (`name`, `id`, `culture`) VALUES ('editor', 101, 'ca@valencia');
INSERT IGNORE INTO `acl_group_i18n` (`name`, `id`, `culture`) VALUES ('golygydd', 101, 'cy');
INSERT IGNORE INTO `acl_group_i18n` (`name`, `id`, `culture`) VALUES ('Herausgeber', 101, 'de');
INSERT IGNORE INTO `acl_group_i18n` (`name`, `id`, `culture`) VALUES ('Herausgeber', 101, 'de-CH');
INSERT IGNORE INTO `acl_group_i18n` (`name`, `id`, `culture`) VALUES ('εκδότης', 101, 'el');
INSERT IGNORE INTO `acl_group_i18n` (`name`, `id`, `culture`) VALUES ('editor', 101, 'en');
INSERT IGNORE INTO `acl_group_i18n` (`name`, `id`, `culture`) VALUES ('editor', 101, 'es');
INSERT IGNORE INTO `acl_group_i18n` (`name`, `id`, `culture`) VALUES ('editorea', 101, 'eu');
INSERT IGNORE INTO `acl_group_i18n` (`name`, `id`, `culture`) VALUES ('auteur de la modification', 101, 'fr');
INSERT IGNORE INTO `acl_group_i18n` (`name`, `id`, `culture`) VALUES ('editor', 101, 'gl');
INSERT IGNORE INTO `acl_group_i18n` (`name`, `id`, `culture`) VALUES ('urednik', 101, 'hr');
INSERT IGNORE INTO `acl_group_i18n` (`name`, `id`, `culture`) VALUES ('szerkesztő', 101, 'hu');
INSERT IGNORE INTO `acl_group_i18n` (`name`, `id`, `culture`) VALUES ('editor', 101, 'id');
INSERT IGNORE INTO `acl_group_i18n` (`name`, `id`, `culture`) VALUES ('ritstjóri', 101, 'is');
INSERT IGNORE INTO `acl_group_i18n` (`name`, `id`, `culture`) VALUES ('editore', 101, 'it');
INSERT IGNORE INTO `acl_group_i18n` (`name`, `id`, `culture`) VALUES ('編集者', 101, 'ja');
INSERT IGNORE INTO `acl_group_i18n` (`name`, `id`, `culture`) VALUES ('რედაქტორი', 101, 'ka');
INSERT IGNORE INTO `acl_group_i18n` (`name`, `id`, `culture`) VALUES ('편집자', 101, 'ko');
INSERT IGNORE INTO `acl_group_i18n` (`name`, `id`, `culture`) VALUES ('уредник', 101, 'mk');
INSERT IGNORE INTO `acl_group_i18n` (`name`, `id`, `culture`) VALUES ('edytor', 101, 'pl');
INSERT IGNORE INTO `acl_group_i18n` (`name`, `id`, `culture`) VALUES ('editor', 101, 'pt');
INSERT IGNORE INTO `acl_group_i18n` (`name`, `id`, `culture`) VALUES ('editor', 101, 'pt_BR');
INSERT IGNORE INTO `acl_group_i18n` (`name`, `id`, `culture`) VALUES ('urednik', 101, 'sl');
INSERT IGNORE INTO `acl_group_i18n` (`name`, `id`, `culture`) VALUES ('уредник', 101, 'sr');
INSERT IGNORE INTO `acl_group_i18n` (`name`, `id`, `culture`) VALUES ('redaktör', 101, 'sv');
INSERT IGNORE INTO `acl_group_i18n` (`name`, `id`, `culture`) VALUES ('tahrirchi', 101, 'uz');
INSERT IGNORE INTO `acl_group_i18n` (`name`, `id`, `culture`) VALUES ('Người sửa chửa tác phẩm', 101, 'vi');
INSERT IGNORE INTO `acl_group_i18n` (`name`, `id`, `culture`) VALUES ('编辑者', 101, 'zh');
INSERT IGNORE INTO `acl_group` (`id`, `parent_id`) VALUES (102, 99);
INSERT IGNORE INTO `acl_group_i18n` (`name`, `id`, `culture`) VALUES ('مُساهم', 102, 'ar');
INSERT IGNORE INTO `acl_group_i18n` (`name`, `id`, `culture`) VALUES ('saradnik', 102, 'bs');
INSERT IGNORE INTO `acl_group_i18n` (`name`, `id`, `culture`) VALUES ('col·laborador', 102, 'ca');
INSERT IGNORE INTO `acl_group_i18n` (`name`, `id`, `culture`) VALUES ('contribuïdor', 102, 'ca@valencia');
INSERT IGNORE INTO `acl_group_i18n` (`name`, `id`, `culture`) VALUES ('cyfrannwr', 102, 'cy');
INSERT IGNORE INTO `acl_group_i18n` (`name`, `id`, `culture`) VALUES ('Beitragender', 102, 'de');
INSERT IGNORE INTO `acl_group_i18n` (`name`, `id`, `culture`) VALUES ('Beitragender', 102, 'de-CH');
INSERT IGNORE INTO `acl_group_i18n` (`name`, `id`, `culture`) VALUES ('contributor', 102, 'en');
INSERT IGNORE INTO `acl_group_i18n` (`name`, `id`, `culture`) VALUES ('contribuidor', 102, 'es');
INSERT IGNORE INTO `acl_group_i18n` (`name`, `id`, `culture`) VALUES ('kolaboratzailea', 102, 'eu');
INSERT IGNORE INTO `acl_group_i18n` (`name`, `id`, `culture`) VALUES ('contributeur', 102, 'fr');
INSERT IGNORE INTO `acl_group_i18n` (`name`, `id`, `culture`) VALUES ('contribuínte', 102, 'gl');
INSERT IGNORE INTO `acl_group_i18n` (`name`, `id`, `culture`) VALUES ('doprinositelj', 102, 'hr');
INSERT IGNORE INTO `acl_group_i18n` (`name`, `id`, `culture`) VALUES ('munkatárs', 102, 'hu');
INSERT IGNORE INTO `acl_group_i18n` (`name`, `id`, `culture`) VALUES ('Kontributor', 102, 'id');
INSERT IGNORE INTO `acl_group_i18n` (`name`, `id`, `culture`) VALUES ('framlagsveitandi', 102, 'is');
INSERT IGNORE INTO `acl_group_i18n` (`name`, `id`, `culture`) VALUES ('soggetto che ha fornito un contributo', 102, 'it');
INSERT IGNORE INTO `acl_group_i18n` (`name`, `id`, `culture`) VALUES ('貢献者', 102, 'ja');
INSERT IGNORE INTO `acl_group_i18n` (`name`, `id`, `culture`) VALUES ('კონტრიბუტორი, დამხმარე, ხელის შემწყობი', 102, 'ka');
INSERT IGNORE INTO `acl_group_i18n` (`name`, `id`, `culture`) VALUES ('기여자', 102, 'ko');
INSERT IGNORE INTO `acl_group_i18n` (`name`, `id`, `culture`) VALUES ('соработник/придонесувач', 102, 'mk');
INSERT IGNORE INTO `acl_group_i18n` (`name`, `id`, `culture`) VALUES ('kontrybutor', 102, 'pl');
INSERT IGNORE INTO `acl_group_i18n` (`name`, `id`, `culture`) VALUES ('colaborador', 102, 'pt');
INSERT IGNORE INTO `acl_group_i18n` (`name`, `id`, `culture`) VALUES ('colaborador', 102, 'pt_BR');
INSERT IGNORE INTO `acl_group_i18n` (`name`, `id`, `culture`) VALUES ('sodelavec', 102, 'sl');
INSERT IGNORE INTO `acl_group_i18n` (`name`, `id`, `culture`) VALUES ('сарадник', 102, 'sr');
INSERT IGNORE INTO `acl_group_i18n` (`name`, `id`, `culture`) VALUES ('Användare med redigeringsbehörighet', 102, 'sv');
INSERT IGNORE INTO `acl_group_i18n` (`name`, `id`, `culture`) VALUES ('hammuallif', 102, 'uz');
INSERT IGNORE INTO `acl_group_i18n` (`name`, `id`, `culture`) VALUES ('Người chịu phần', 102, 'vi');
INSERT IGNORE INTO `acl_group_i18n` (`name`, `id`, `culture`) VALUES ('贡献者', 102, 'zh');
INSERT IGNORE INTO `acl_group` (`id`, `parent_id`) VALUES (103, 99);
INSERT IGNORE INTO `acl_group_i18n` (`name`, `id`, `culture`) VALUES ('مُترجم', 103, 'ar');
INSERT IGNORE INTO `acl_group_i18n` (`name`, `id`, `culture`) VALUES ('prevodilac', 103, 'bs');
INSERT IGNORE INTO `acl_group_i18n` (`name`, `id`, `culture`) VALUES ('traductor', 103, 'ca');
INSERT IGNORE INTO `acl_group_i18n` (`name`, `id`, `culture`) VALUES ('traductor', 103, 'ca@valencia');
INSERT IGNORE INTO `acl_group_i18n` (`name`, `id`, `culture`) VALUES ('cyfieithydd', 103, 'cy');
INSERT IGNORE INTO `acl_group_i18n` (`name`, `id`, `culture`) VALUES ('Übersetzer', 103, 'de');
INSERT IGNORE INTO `acl_group_i18n` (`name`, `id`, `culture`) VALUES ('Übersetzer', 103, 'de-CH');
INSERT IGNORE INTO `acl_group_i18n` (`name`, `id`, `culture`) VALUES ('μεταφραστής', 103, 'el');
INSERT IGNORE INTO `acl_group_i18n` (`name`, `id`, `culture`) VALUES ('translator', 103, 'en');
INSERT IGNORE INTO `acl_group_i18n` (`name`, `id`, `culture`) VALUES ('traductor', 103, 'es');
INSERT IGNORE INTO `acl_group_i18n` (`name`, `id`, `culture`) VALUES ('itzultzailea', 103, 'eu');
INSERT IGNORE INTO `acl_group_i18n` (`name`, `id`, `culture`) VALUES ('traducteur', 103, 'fr');
INSERT IGNORE INTO `acl_group_i18n` (`name`, `id`, `culture`) VALUES ('traductor', 103, 'gl');
INSERT IGNORE INTO `acl_group_i18n` (`name`, `id`, `culture`) VALUES ('prevodilac', 103, 'hr');
INSERT IGNORE INTO `acl_group_i18n` (`name`, `id`, `culture`) VALUES ('fordító', 103, 'hu');
INSERT IGNORE INTO `acl_group_i18n` (`name`, `id`, `culture`) VALUES ('penterjemah', 103, 'id');
INSERT IGNORE INTO `acl_group_i18n` (`name`, `id`, `culture`) VALUES ('þýðandi', 103, 'is');
INSERT IGNORE INTO `acl_group_i18n` (`name`, `id`, `culture`) VALUES ('traduttore', 103, 'it');
INSERT IGNORE INTO `acl_group_i18n` (`name`, `id`, `culture`) VALUES ('翻訳者', 103, 'ja');
INSERT IGNORE INTO `acl_group_i18n` (`name`, `id`, `culture`) VALUES ('მთარგმნელი', 103, 'ka');
INSERT IGNORE INTO `acl_group_i18n` (`name`, `id`, `culture`) VALUES ('번역자', 103, 'ko');
INSERT IGNORE INTO `acl_group_i18n` (`name`, `id`, `culture`) VALUES ('преведувач', 103, 'mk');
INSERT IGNORE INTO `acl_group_i18n` (`name`, `id`, `culture`) VALUES ('tłumacz', 103, 'pl');
INSERT IGNORE INTO `acl_group_i18n` (`name`, `id`, `culture`) VALUES ('tradutor', 103, 'pt');
INSERT IGNORE INTO `acl_group_i18n` (`name`, `id`, `culture`) VALUES ('tradutor', 103, 'pt_BR');
INSERT IGNORE INTO `acl_group_i18n` (`name`, `id`, `culture`) VALUES ('переводчик', 103, 'ru');
INSERT IGNORE INTO `acl_group_i18n` (`name`, `id`, `culture`) VALUES ('prevajalec', 103, 'sl');
INSERT IGNORE INTO `acl_group_i18n` (`name`, `id`, `culture`) VALUES ('преводилац', 103, 'sr');
INSERT IGNORE INTO `acl_group_i18n` (`name`, `id`, `culture`) VALUES ('översättare', 103, 'sv');
INSERT IGNORE INTO `acl_group_i18n` (`name`, `id`, `culture`) VALUES ('three dimensional วัตถุ', 103, 'th');
INSERT IGNORE INTO `acl_group_i18n` (`name`, `id`, `culture`) VALUES ('tarjimon', 103, 'uz');
INSERT IGNORE INTO `acl_group_i18n` (`name`, `id`, `culture`) VALUES ('Người phiên dịch', 103, 'vi');
INSERT IGNORE INTO `acl_group_i18n` (`name`, `id`, `culture`) VALUES ('翻译员', 103, 'zh');

-- =========================================================
-- QubitAclPermission -> acl_permission
-- =========================================================
INSERT IGNORE INTO `acl_permission` (`group_id`, `action`, `grant_deny`, `id`) VALUES (98, 'read', 1, 10000);
INSERT IGNORE INTO `acl_permission` (`group_id`, `object_id`, `action`, `grant_deny`, `id`) VALUES (98, 1, 'readReference', 1, 10001);
INSERT IGNORE INTO `acl_permission` (`group_id`, `object_id`, `action`, `grant_deny`, `id`) VALUES (98, 1, 'readThumbnail', 1, 10002);
INSERT IGNORE INTO `acl_permission` (`group_id`, `action`, `grant_deny`, `id`) VALUES (99, 'read', 1, 10003);
INSERT IGNORE INTO `acl_permission` (`group_id`, `object_id`, `action`, `grant_deny`, `id`) VALUES (99, 1, 'readReference', 1, 10004);
INSERT IGNORE INTO `acl_permission` (`group_id`, `object_id`, `action`, `grant_deny`, `id`) VALUES (99, 1, 'readThumbnail', 1, 10005);
INSERT IGNORE INTO `acl_permission` (`group_id`, `grant_deny`, `id`) VALUES (100, 1, 10006);
INSERT IGNORE INTO `acl_permission` (`group_id`, `action`, `grant_deny`, `id`) VALUES (101, 'create', 1, 10007);
INSERT IGNORE INTO `acl_permission` (`group_id`, `action`, `grant_deny`, `id`) VALUES (101, 'update', 1, 10008);
INSERT IGNORE INTO `acl_permission` (`group_id`, `action`, `grant_deny`, `id`) VALUES (101, 'delete', 1, 10009);
INSERT IGNORE INTO `acl_permission` (`group_id`, `object_id`, `action`, `grant_deny`, `id`) VALUES (101, 1, 'viewDraft', 1, 10010);
INSERT IGNORE INTO `acl_permission` (`group_id`, `object_id`, `action`, `grant_deny`, `id`) VALUES (101, 1, 'publish', 1, 10011);
INSERT IGNORE INTO `acl_permission` (`group_id`, `object_id`, `action`, `grant_deny`, `id`) VALUES (101, 1, 'readMaster', 1, 10012);
INSERT IGNORE INTO `acl_permission` (`group_id`, `object_id`, `action`, `grant_deny`, `id`) VALUES (102, 1, 'create', 1, 10013);
INSERT IGNORE INTO `acl_permission` (`group_id`, `object_id`, `action`, `grant_deny`, `id`) VALUES (102, 3, 'create', 1, 10014);
INSERT IGNORE INTO `acl_permission` (`group_id`, `object_id`, `action`, `grant_deny`, `id`) VALUES (102, 1, 'update', 1, 10015);
INSERT IGNORE INTO `acl_permission` (`group_id`, `object_id`, `action`, `grant_deny`, `id`) VALUES (102, 3, 'update', 1, 10016);
INSERT IGNORE INTO `acl_permission` (`group_id`, `object_id`, `action`, `grant_deny`, `id`) VALUES (102, 1, 'viewDraft', 1, 10017);
INSERT IGNORE INTO `acl_permission` (`group_id`, `object_id`, `action`, `grant_deny`, `id`) VALUES (102, 1, 'readMaster', 1, 10018);
INSERT IGNORE INTO `acl_permission` (`group_id`, `action`, `grant_deny`, `id`) VALUES (103, 'translate', 1, 10019);

SET FOREIGN_KEY_CHECKS = 1;
-- emitted 27 base rows, 189 i18n rows
